{ "_id" : "K8xKo3iFDnmqyuQQk", "caseId" : "56sPjK6zed3qnPknw", "labelId" : "PRtafRzrete8spaWm", "type" : "sphere_3d", "props" : { "type" : "sphere", "ray" : { "origin" : { "x" : 38.9931755065918, "y" : 37.15110397338867, "z" : -250.22962951660156 }, "direction" : { "x" : -0.10915035756883179, "y" : -0.14260959502143142, "z" : 0.9837421932856288 } }, "position" : { "x" : 4.791260438087768, "y" : -7.535156021691208, "z" : 58.02283702104933 }, "radius" : 3.9061983858119174 } }
{ "_id" : "jrJfX4dGAgGs4wyER", "caseId" : "56sPjK6zed3qnPknw", "labelId" : "mB9EXLvyhk6hz2EWB", "type" : "sphere_3d", "props" : { "type" : "sphere", "ray" : { "origin" : { "x" : 95.3391342163086, "y" : -5.752012252807617, "z" : -14.370061874389648 }, "direction" : { "x" : -0.9436064435219994, "y" : 0.3200333633542234, "z" : -0.08476748246790994 } }, "position" : { "x" : 5.653338519352687, "y" : 24.665803393792892, "z" : -22.42685203998692 }, "radius" : 7.340890383722706 } }
{ "_id" : "QQgBx53oJy5MaxSbH", "caseId" : "56sPjK6zed3qnPknw", "labelId" : "nbwMq2gLHNgNozNhk", "type" : "sphere_3d", "props" : { "type" : "sphere", "ray" : { "origin" : { "x" : -34.22966384887695, "y" : 41.877708435058594, "z" : -212.68411254882812 }, "direction" : { "x" : -0.0534214196448865, "y" : -0.13437625017310942, "z" : 0.9894893507827858 } }, "position" : { "x" : -45.45272909041722, "y" : 13.647207773874833, "z" : -4.80675523663794 }, "radius" : 13.63286060282731 } }
{ "_id" : "xRNssp5axyMPZKh2Y", "caseId" : "56sPjK6zed3qnPknw", "labelId" : "hMf42yXjcYjeBe8Pn", "type" : "sphere_3d", "props" : { "type" : "sphere", "ray" : { "origin" : { "x" : 24.916221618652344, "y" : 27.533676147460938, "z" : -216.28921508789062 }, "direction" : { "x" : 0.1506347372626563, "y" : -0.10480853233139098, "z" : 0.9830179792253804 } }, "position" : { "x" : 42.60350936893721, "y" : 15.227227424428477, "z" : -100.86483039270634 }, "radius" : 7.543309382950742 } }
